{"AFG": [60.51760336799998, 29.3772, 74.889862, 38.489592], "BFA": [-5.513241573000016, 9.410471775000019, 2.407427, 15.083042], "CAF": [14.415613, 2.220334896, 27.455576833, 11.00757], "COD": [12.195656745, -13.459032437000019, 31.314612, 5.392325669], "COL": [-81.616210938, -4.22711, -66.84631228799998, 12.458987842999989], "GTM": [-92.23113381299999, 13.741206, -88.23169338999998, 17.815697037], "HND": [-89.35648223499999, 12.980820161999986, -83.155403138, 17.423627853000028], "HTI": [-74.480376331, 18.02205718099998, -71.621754, 20.08931822400001], "MLI": [-12.23976441000002, 10.147502, 4.24497, 25.002582201999985], "MMR": [92.17273314099998, 9.597569094999983, 101.16998803000001, 28.547835123000027], "MOZ": [30.215605, -26.867040757999973, 40.840625763, -10.472198489999982], "NGA": [2.663850522000018, 4.271484437000026, 14.677350471000011, 13.901025479], "SDN": [21.81455583500002, 8.637558893, 38.58003616299999, 23.14688623], "SLV": [-90.13466273199998, 13.156324763999976, -87.69216155999999, 14.450557], "SOM": [40.994317, -1.664430560000028, 51.41303253199999, 11.985202789000027], "SSD": [24.15069587, 3.486040574000015, 35.9477, 12.237671853], "SYR": [35.613574605, 32.311136, 42.376309, 37.320568906], "TCD": [13.47348, 7.44107, 24.0, 23.439444], "UKR": [22.137078, 44.38764199899998, 40.22048032999999, 52.37937132500002], "VEN": [-73.36694766199997, 0.647529, -59.805666, 15.703719965], "YEM": [41.81604733, 12.111093098000026, 54.530540230999975, 19.0]}